Row Names,instance_auroc,full_pixel_auroc,anomaly_pixel_auroc
mvtec_bottle,1.0,0.6069556554973242,0.5855344205198919
Mean,1.0,0.6069556554973242,0.5855344205198919
