Row Names,instance_auroc,full_pixel_auroc,anomaly_pixel_auroc
mvtec_bottle,1.0,0.6366652465860637,0.6127326944756868
Mean,1.0,0.6366652465860637,0.6127326944756868
