Row Names,instance_auroc,full_pixel_auroc,anomaly_pixel_auroc
mvtec_bottle,1.0,0.6787577644660985,0.659437843281284
Mean,1.0,0.6787577644660985,0.659437843281284
